{
  "project_info": {
    "project_number": "652750230419",
    "project_id": "absensi-pt-ums-alsut",
    "storage_bucket": "absensi-pt-ums-alsut.appspot.com"
  },
  "client": [
    {
      "client_info": {
        "mobilesdk_app_id": "1:652750230419:android:6a4ce71618c77d56444e66",
        "android_client_info": {
          "package_name": "com.ahwajkafabi.absensiptusahamitrasejahteraalamsutera"
        }
      },
      "oauth_client": [
        {
          "client_id": "652750230419-iecl7v2sudivqivkjnul899ss626ljgr.apps.googleusercontent.com",
          "client_type": 3
        }
      ],
      "api_key": [
        {
          "current_key": "AIzaSyA8cEtgYXQe_hFSn9Xja9485ENqWTAs8SI"
        }
      ],
      "services": {
        "appinvite_service": {
          "other_platform_oauth_client": [
            {
              "client_id": "652750230419-iecl7v2sudivqivkjnul899ss626ljgr.apps.googleusercontent.com",
              "client_type": 3
            }
          ]
        }
      }
    }
  ],
  "configuration_version": "1"
}